,chocolate,coconut,loaf,bread,pasta,cake,pastry,crackers,muffin,cereal,muesli,liquor,sake,wine,cider,brew,beer,aperitif,coffee,cocoa,water,juice,lime_juice,grape_juice,orange_juice,cola,coke,gingerale,apple,apricot,avocado,banana,kiwi,mango,orange,tomato,artichoke,corn,cucumber,onion,squash,chips,potato_chips,jelly,peanut_butter,ketchup,chilisauce,mustard,salsa,soy_sauce
0,peanut_butter: 0.9593446850776672,peanut_butter: 0.950772762298584,cake: 0.8508633375167847,liquor: 0.8355428576469421,sake: 0.880675196647644,peanut_butter: 0.9242374897003174,coconut: 0.8600417971611023,pastry: 0.8596134185791016,pastry: 0.84236079454422,apple: 0.8655903935432434,cake: 0.8898298144340515,water: 0.8473065495491028,water: 0.9112886190414429,soy_sauce: 0.8839470148086548,pastry: 0.7990180850028992,coconut: 0.8644892573356628,ketchup: 0.8229626417160034,cucumber: 0.8579326868057251,peanut_butter: 0.8865888714790344,chocolate: 0.8437612056732178,sake: 0.9112886190414429,orange: 0.9127636551856995,sake: 0.8377353549003601,jelly: 0.803744375705719,banana: 0.8912916779518127,apricot: 0.862099289894104,lime_juice: 0.7925363779067993,cider: 0.19328607618808746,banana: 0.8756402730941772,cola: 0.862099289894104,apricot: 0.8612303137779236,peanut_butter: 0.9129514098167419,tomato: 0.8692028522491455,coconut: 0.8762246966362,juice: 0.9127636551856995,onion: 0.928170919418335,onion: 0.8572980761528015,onion: 0.8471172451972961,aperitif: 0.8579326868057251,tomato: 0.928170919418335,pasta: 0.8723715543746948,chocolate: 0.9130357503890991,muesli: 0.7991559505462646,pastry: 0.8210787177085876,chocolate: 0.9593446850776672,salsa: 0.8753123879432678,corn: -0.1455167829990387,soy_sauce: 0.8537922501564026,ketchup: 0.8753123879432678,wine: 0.8839470148086548
1,coconut: 0.9270321130752563,chocolate: 0.9270321130752563,muesli: 0.8480366468429565,kiwi: 0.8209079504013062,water: 0.8738828301429749,chocolate: 0.9149607419967651,crackers: 0.8596134185791016,artichoke: 0.8165492415428162,apple: 0.8417697548866272,apricot: 0.8583269715309143,coffee: 0.8701487183570862,sake: 0.8375657200813293,peanut_butter: 0.8954652547836304,tomato: 0.857681155204773,sake: 0.7534041404724121,peanut_butter: 0.8485065698623657,sake: 0.8195779919624329,cake: 0.8432371616363525,chocolate: 0.8813149333000183,peanut_butter: 0.8413070440292358,pasta: 0.8738828301429749,banana: 0.8789765238761902,onion: 0.8350788950920105,sake: 0.7943547964096069,peanut_butter: 0.8844953775405884,kiwi: 0.8155304193496704,ketchup: 0.7430977821350098,jelly: 0.15305933356285095,cereal: 0.8655903935432434,avocado: 0.8612303137779236,salsa: 0.8408094048500061,coconut: 0.9111388325691223,sake: 0.8563920855522156,peanut_butter: 0.8367466926574707,banana: 0.8873198628425598,kiwi: 0.8692028522491455,tomato: 0.822043240070343,tomato: 0.8452876210212708,onion: 0.8457001447677612,sake: 0.8812007904052734,tomato: 0.8394927382469177,peanut_butter: 0.8901959657669067,chips: 0.7962207198143005,apricot: 0.8048473596572876,coconut: 0.950772762298584,pasta: 0.85811448097229,salsa: -0.18420422077178955,onion: 0.8401878476142883,pasta: 0.866593599319458,onion: 0.8799866437911987
2,cake: 0.9149607419967651,banana: 0.9111388325691223,pastry: 0.8443835973739624,sake: 0.8160614371299744,squash: 0.8723715543746948,coconut: 0.8956678509712219,loaf: 0.8443835973739624,cake: 0.8086642026901245,loaf: 0.825648844242096,peanut_butter: 0.8447271585464478,peanut_butter: 0.8570024371147156,bread: 0.8355428576469421,onion: 0.8812007904052734,onion: 0.8412114977836609,jelly: 0.7434723973274231,coffee: 0.8282118439674377,juice: 0.7925028204917908,peanut_butter: 0.8403618931770325,muesli: 0.8701487183570862,liquor: 0.8151320219039917,soy_sauce: 0.8690111041069031,tomato: 0.8620570302009583,ketchup: 0.8307611346244812,water: 0.7871127128601074,chocolate: 0.8797774910926819,tomato: 0.8091932535171509,beer: 0.7299992442131042,orange: 0.13379840552806854,pastry: 0.8429718613624573,cereal: 0.8583269715309143,banana: 0.7946208119392395,orange_juice: 0.8912916779518127,cake: 0.8301988840103149,wine: 0.8274434208869934,sake: 0.8426413536071777,juice: 0.8620570302009583,crackers: 0.8165492415428162,sake: 0.8345851898193359,wine: 0.8331621289253235,soy_sauce: 0.8799866437911987,salsa: 0.8332192897796631,orange_juice: 0.8466873168945312,coconut: 0.7952525615692139,grape_juice: 0.803744375705719,cake: 0.9242374897003174,sake: 0.8504490852355957,squash: -0.1856091171503067,sake: 0.835721492767334,avocado: 0.8408094048500061,water: 0.8690111041069031
3,chips: 0.9130357503890991,cake: 0.8956678509712219,muffin: 0.825648844242096,cake: 0.8137134313583374,salsa: 0.866593599319458,muesli: 0.8898298144340515,apple: 0.8429718613624573,muesli: 0.8014496564865112,cake: 0.8011269569396973,orange: 0.8396314978599548,loaf: 0.8480366468429565,apple: 0.8254827857017517,pasta: 0.880675196647644,cucumber: 0.8331621289253235,apple: 0.7361485362052917,chocolate: 0.8137295246124268,water: 0.7881854176521301,coconut: 0.8257905840873718,coconut: 0.8612481355667114,sake: 0.7970094084739685,onion: 0.8564395904541016,orange_juice: 0.8610891699790955,tomato: 0.8236735463142395,beer: 0.7706553936004639,juice: 0.8610891699790955,soy_sauce: 0.7737119197845459,tomato: 0.7278457283973694,grape_juice: 0.10626821964979172,muffin: 0.8417697548866272,chips: 0.8246053457260132,crackers: 0.7946076989173889,chocolate: 0.8887275457382202,squash: 0.8278253078460693,coffee: 0.8261730074882507,orange_juice: 0.8411518931388855,wine: 0.857681155204773,salsa: 0.8156987428665161,orange: 0.8223472833633423,mustard: 0.8138420581817627,pasta: 0.863290011882782,kiwi: 0.8278253078460693,cake: 0.8424112796783447,cake: 0.7806401252746582,corn: 0.8010314106941223,banana: 0.9129514098167419,onion: 0.8312433362007141,ketchup: -0.20624199509620667,water: 0.8153730034828186,squash: 0.8332192897796631,mustard: 0.8537922501564026
4,banana: 0.8887275457382202,mango: 0.8762246966362,cucumber: 0.8108847737312317,water: 0.8016125559806824,onion: 0.863290011882782,sake: 0.8733447790145874,muffin: 0.84236079454422,brew: 0.799504280090332,banana: 0.7944347262382507,coconut: 0.8343268036842346,coconut: 0.8469325304031372,muesli: 0.8225254416465759,cake: 0.8733447790145874,mango: 0.8274434208869934,liquor: 0.7340383529663086,cake: 0.8092829585075378,tomato: 0.7861979007720947,soy_sauce: 0.8242351412773132,cake: 0.8294702768325806,orange_juice: 0.7953119277954102,liquor: 0.8473065495491028,sake: 0.8078216910362244,pasta: 0.8175160884857178,ketchup: 0.7699824571609497,chips: 0.8466873168945312,chocolate: 0.7620799541473389,sake: 0.7271395325660706,juice: 0.10423992574214935,liquor: 0.8254827857017517,orange: 0.8231881856918335,brew: 0.7772409915924072,orange: 0.8873198628425598,water: 0.8233967423439026,chocolate: 0.7947089076042175,cereal: 0.8396314978599548,pasta: 0.8489034175872803,pastry: 0.8124170899391174,apricot: 0.8036293983459473,loaf: 0.8108847737312317,artichoke: 0.8572980761528015,water: 0.8014349341392517,orange: 0.8382328748703003,loaf: 0.780203640460968,tomato: 0.7956812381744385,sake: 0.8954652547836304,lime_juice: 0.8307611346244812,brew: -0.2068500518798828,tomato: 0.8151185512542725,tomato: 0.8194814920425415,sake: 0.8450515866279602
5,coffee: 0.8813149333000183,brew: 0.8644892573356628,potato_chips: 0.780203640460968,apricot: 0.790374219417572,ketchup: 0.85811448097229,banana: 0.8615155816078186,cake: 0.8395000100135803,coconut: 0.7970665097236633,sake: 0.7674337029457092,banana: 0.8329929709434509,chocolate: 0.8407071232795715,cocoa: 0.8151320219039917,banana: 0.8721610903739929,mustard: 0.8137774467468262,tomato: 0.7227163910865784,apricot: 0.8031498789787292,pasta: 0.7752110958099365,kiwi: 0.8200845122337341,brew: 0.8282118439674377,cake: 0.7880457639694214,peanut_butter: 0.8359381556510925,water: 0.80638188123703,juice: 0.7966305017471313,pastry: 0.7552037239074707,coconut: 0.8459128141403198,avocado: 0.756960391998291,apricot: 0.7267746329307556,chips: 0.09985985606908798,coconut: 0.8098651170730591,peanut_butter: 0.8217081427574158,orange: 0.7757161855697632,juice: 0.8789765238761902,pasta: 0.8233557939529419,soy_sauce: 0.7939791679382324,chips: 0.8382328748703003,corn: 0.8452876210212708,sake: 0.7956051826477051,jelly: 0.8010314106941223,tomato: 0.805307924747467,water: 0.8564395904541016,juice: 0.7984071373939514,sake: 0.8309524655342102,peanut_butter: 0.7664908170700073,kiwi: 0.7953396439552307,chips: 0.8901959657669067,beer: 0.8229626417160034,gingerale: -0.21445158123970032,cucumber: 0.8138420581817627,artichoke: 0.8156987428665161,tomato: 0.8366950154304504
6,orange_juice: 0.8797774910926819,coffee: 0.8612481355667114,crackers: 0.765414297580719,orange_juice: 0.7778730392456055,tomato: 0.8489034175872803,loaf: 0.8508633375167847,sake: 0.8391237854957581,avocado: 0.7946076989173889,coconut: 0.7610895037651062,sake: 0.8318141102790833,liquor: 0.8225254416465759,peanut_butter: 0.8113886117935181,kiwi: 0.8563920855522156,aperitif: 0.8083154559135437,corn: 0.7196020483970642,crackers: 0.799504280090332,grape_juice: 0.7706553936004639,sake: 0.813932478427887,mango: 0.8261730074882507,coffee: 0.7672826051712036,banana: 0.8352687358856201,apple: 0.8027010560035706,coke: 0.7925363779067993,orange: 0.7343968749046326,orange: 0.8411518931388855,peanut_butter: 0.7544229626655579,cereal: 0.7254759073257446,muffin: 0.08643191307783127,juice: 0.8027010560035706,orange_juice: 0.8081852793693542,apple: 0.7741520404815674,apple: 0.8756402730941772,onion: 0.8218831419944763,aperitif: 0.7933986783027649,coconut: 0.8343122005462646,sake: 0.8433555364608765,corn: 0.7618323564529419,salsa: 0.788875162601471,apricot: 0.8048986196517944,corn: 0.8471172451972961,sake: 0.7950316667556763,coconut: 0.830299437046051,coffee: 0.7579533457756042,wine: 0.7938920855522156,coffee: 0.8865888714790344,tomato: 0.8205901384353638,cider: -0.21537339687347412,wine: 0.8137774467468262,onion: 0.8126806616783142,pasta: 0.8258668780326843
7,sake: 0.8534445762634277,pastry: 0.8600417971611023,sake: 0.7643445134162903,banana: 0.7711617946624756,soy_sauce: 0.8258668780326843,aperitif: 0.8432371616363525,jelly: 0.8210787177085876,apple: 0.7891778945922852,orange: 0.7610647678375244,orange_juice: 0.8211371898651123,chips: 0.8188461661338806,banana: 0.8105882406234741,chocolate: 0.8534445762634277,kiwi: 0.8035861849784851,wine: 0.7170282006263733,orange_juice: 0.7899324893951416,kiwi: 0.7698987126350403,wine: 0.8083154559135437,chips: 0.823406994342804,coconut: 0.75438392162323,tomato: 0.833372175693512,chocolate: 0.8010082244873047,salsa: 0.7906919717788696,cereal: 0.7337878942489624,sake: 0.8348817825317383,wine: 0.748782753944397,squash: 0.7249230742454529,orange_juice: 0.08064381778240204,salsa: 0.8009141087532043,tomato: 0.8072962164878845,cola: 0.756960391998291,sake: 0.8721610903739929,bread: 0.8209079504013062,sake: 0.7906916737556458,chocolate: 0.8246875405311584,squash: 0.8394927382469177,lime_juice: 0.7564885020256042,water: 0.7885985970497131,chips: 0.7816691398620605,cucumber: 0.8457001447677612,cake: 0.7900536060333252,banana: 0.8273831605911255,chocolate: 0.7519807815551758,cucumber: 0.7719932794570923,orange_juice: 0.8844953775405884,water: 0.8032383322715759,artichoke: -0.21607403457164764,apricot: 0.7970017194747925,cereal: 0.8092612028121948,aperitif: 0.8242351412773132
8,cocoa: 0.8437612056732178,muesli: 0.8469325304031372,apricot: 0.7621113061904907,crackers: 0.7694317698478699,kiwi: 0.8233557939529419,chips: 0.8424112796783447,artichoke: 0.8124170899391174,apricot: 0.7833727598190308,apricot: 0.7575665712356567,chips: 0.8121734857559204,crackers: 0.8014496564865112,cake: 0.810248851776123,ketchup: 0.8504490852355957,pastry: 0.8035064935684204,coconut: 0.7131906151771545,aperitif: 0.7831594944000244,chocolate: 0.7636928558349609,orange_juice: 0.8056818246841431,banana: 0.8192830085754395,ketchup: 0.7533016204833984,orange_juice: 0.8313037157058716,squash: 0.7984071373939514,water: 0.789379894733429,apricot: 0.7335103750228882,water: 0.8313037157058716,mango: 0.7474508881568909,water: 0.7209020256996155,apple: 0.050717197358608246,orange: 0.7928813099861145,chocolate: 0.8059881925582886,cucumber: 0.7494789958000183,cake: 0.8615155816078186,aperitif: 0.8200845122337341,tomato: 0.7833611965179443,apricot: 0.8231881856918335,soy_sauce: 0.8366950154304504,soy_sauce: 0.756058931350708,cereal: 0.7792631983757019,muesli: 0.7760112881660461,wine: 0.8412114977836609,banana: 0.7777950763702393,apricot: 0.8246053457260132,cucumber: 0.734632670879364,onion: 0.7606732845306396,muesli: 0.8570024371147156,cereal: 0.7800265550613403,cereal: -0.2162495255470276,chips: 0.7907240986824036,apple: 0.8009141087532043,kiwi: 0.801256000995636
9,muesli: 0.8407071232795715,orange_juice: 0.8459128141403198,aperitif: 0.7617958784103394,peanut_butter: 0.7675356268882751,lime_juice: 0.8175160884857178,pastry: 0.8395000100135803,chocolate: 0.8079913258552551,coffee: 0.7792377471923828,cereal: 0.75282883644104,chocolate: 0.8120034337043762,banana: 0.8012799024581909,kiwi: 0.8078524470329285,soy_sauce: 0.8450515866279602,jelly: 0.7938920855522156,cereal: 0.7126899361610413,mango: 0.7804216146469116,orange_juice: 0.7633191347122192,tomato: 0.8051060438156128,sake: 0.8045889735221863,chips: 0.7517653107643127,kiwi: 0.8233967423439026,coconut: 0.7976660132408142,peanut_butter: 0.7814286947250366,onion: 0.7295089364051819,cake: 0.8303595781326294,orange_juice: 0.7446202635765076,pasta: 0.7186400890350342,bread: 0.047594405710697174,crackers: 0.7891778945922852,cucumber: 0.8048986196517944,coconut: 0.7446609139442444,water: 0.8352687358856201,cola: 0.8155304193496704,orange: 0.7808873057365417,corn: 0.8223472833633423,water: 0.833372175693512,wine: 0.7533537745475769,pasta: 0.778067409992218,jelly: 0.7719932794570923,mustard: 0.8401878476142883,cereal: 0.7763879895210266,coffee: 0.823406994342804,aperitif: 0.7273884415626526,crackers: 0.7605630159378052,brew: 0.8485065698623657,soy_sauce: 0.7787052989006042,onion: -0.2217826545238495,pasta: 0.780036449432373,lime_juice: 0.7906919717788696,mango: 0.7939791679382324
10,orange: 0.8246875405311584,sake: 0.8445193767547607,onion: 0.7586051821708679,cereal: 0.7671507000923157,cake: 0.7844628691673279,orange_juice: 0.8303595781326294,banana: 0.8054167628288269,liquor: 0.7741811275482178,crackers: 0.7504844665527344,salsa: 0.8092612028121948,potato_chips: 0.7991559505462646,orange_juice: 0.7907535433769226,coconut: 0.8445193767547607,corn: 0.7772468328475952,onion: 0.7027361989021301,banana: 0.7799162268638611,lime_juice: 0.7608281373977661,onion: 0.8039119839668274,orange_juice: 0.7927700877189636,water: 0.7457242012023926,orange: 0.8175221681594849,peanut_butter: 0.7976458072662354,beer: 0.7608281373977661,mustard: 0.7267044186592102,cereal: 0.8211371898651123,brew: 0.744602382183075,liquor: 0.7116954326629639,corn: 0.04418434575200081,peanut_butter: 0.7846857905387878,jelly: 0.8048473596572876,cereal: 0.7403639554977417,cereal: 0.8329929709434509,orange_juice: 0.8091809153556824,brew: 0.7804216146469116,water: 0.8175221681594849,lime_juice: 0.8236735463142395,water: 0.7467204332351685,wine: 0.7772468328475952,water: 0.7685539722442627,lime_juice: 0.8350788950920105,onion: 0.7710732817649841,muesli: 0.8188461661338806,mango: 0.7234227657318115,apple: 0.7596787214279175,cereal: 0.8447271585464478,banana: 0.7780465483665466,mango: -0.2569524347782135,aperitif: 0.7794113159179688,corn: 0.788875162601471,salsa: 0.7789813876152039
11,brew: 0.8137295246124268,cereal: 0.8343268036842346,chips: 0.7579317688941956,cucumber: 0.7606842517852783,mustard: 0.780036449432373,kiwi: 0.8301988840103149,wine: 0.8035064935684204,bread: 0.7694317698478699,mustard: 0.7490571141242981,water: 0.8002104759216309,water: 0.793041467666626,chocolate: 0.7845229506492615,tomato: 0.8433555364608765,sake: 0.7738706469535828,loaf: 0.7002177238464355,avocado: 0.7772409915924072,onion: 0.7534273862838745,banana: 0.7948960661888123,water: 0.7847777605056763,muesli: 0.732292652130127,mustard: 0.8153730034828186,lime_juice: 0.7966305017471313,mustard: 0.760089099407196,lime_juice: 0.7214717864990234,kiwi: 0.8091809153556824,onion: 0.7443328499794006,onion: 0.6972216963768005,crackers: 0.0416446216404438,apricot: 0.7781659364700317,corn: 0.8036293983459473,water: 0.7358611226081848,chips: 0.8273831605911255,liquor: 0.8078524470329285,banana: 0.7749085426330566,peanut_butter: 0.8104574084281921,artichoke: 0.822043240070343,cucumber: 0.7461769580841064,coffee: 0.7720749974250793,kiwi: 0.7684047818183899,ketchup: 0.8312433362007141,orange_juice: 0.7644948363304138,cereal: 0.8121734857559204,water: 0.7197114825248718,bread: 0.7551337480545044,cocoa: 0.8413070440292358,mustard: 0.7762855887413025,jelly: -0.2748897075653076,juice: 0.7792800068855286,water: 0.7858266234397888,ketchup: 0.7787052989006042
12,cereal: 0.8120034337043762,orange: 0.8343122005462646,peanut_butter: 0.749140202999115,muesli: 0.756010890007019,corn: 0.778067409992218,coffee: 0.8294702768325806,peanut_butter: 0.7992392182350159,banana: 0.7688544988632202,chocolate: 0.7447101473808289,juice: 0.7946889400482178,sake: 0.7787007093429565,crackers: 0.7741811275482178,orange: 0.8426413536071777,water: 0.7711080312728882,mango: 0.6987430453300476,sake: 0.769392192363739,corn: 0.7490105628967285,mango: 0.7933986783027649,crackers: 0.7792377471923828,tomato: 0.7234074473381042,cake: 0.8152827024459839,cereal: 0.7946889400482178,artichoke: 0.7564885020256042,artichoke: 0.7142588496208191,apricot: 0.8081852793693542,mustard: 0.740986168384552,chips: 0.694819450378418,coke: 0.035051923245191574,avocado: 0.7741520404815674,brew: 0.8031498789787292,artichoke: 0.734416663646698,coffee: 0.8192830085754395,wine: 0.8035861849784851,onion: 0.7697516679763794,tomato: 0.8046189546585083,ketchup: 0.8205901384353638,liquor: 0.7401953935623169,kiwi: 0.7720499634742737,soy_sauce: 0.7648334503173828,kiwi: 0.8218831419944763,liquor: 0.7601096630096436,water: 0.8064501285552979,brew: 0.7161774635314941,sake: 0.751192569732666,aperitif: 0.8403618931770325,corn: 0.7701216340065002,soy_sauce: -0.28388023376464844,orange: 0.778076171875,sake: 0.7856192588806152,banana: 0.7743741869926453
13,pastry: 0.8079913258552551,chips: 0.830299437046051,bread: 0.7476563453674316,squash: 0.7553500533103943,beer: 0.7752110958099365,water: 0.8152827024459839,cider: 0.7990180850028992,salsa: 0.7684206962585449,chips: 0.7412224411964417,pastry: 0.7860982418060303,cucumber: 0.7760112881660461,pastry: 0.7713888883590698,pastry: 0.8391237854957581,orange: 0.7650696635246277,kiwi: 0.6940001249313354,tomato: 0.7660325169563293,peanut_butter: 0.7458508610725403,brew: 0.7831594944000244,orange: 0.7770836353302002,pasta: 0.7228749394416809,chips: 0.8064501285552979,beer: 0.7925028204917908,aperitif: 0.7523461580276489,juice: 0.7140435576438904,aperitif: 0.8056818246841431,aperitif: 0.7404031753540039,salsa: 0.6894619464874268,pastry: 0.030245648697018623,chocolate: 0.7728855013847351,mustard: 0.7970017194747925,tomato: 0.7304101586341858,liquor: 0.8105882406234741,soy_sauce: 0.801256000995636,pastry: 0.7558056116104126,apple: 0.7928813099861145,salsa: 0.8194814920425415,cereal: 0.736662745475769,ketchup: 0.7701216340065002,bread: 0.7606842517852783,salsa: 0.8126806616783142,ketchup: 0.7595394849777222,potato_chips: 0.7962207198143005,apricot: 0.7159340381622314,cider: 0.7434723973274231,mango: 0.8367466926574707,grape_juice: 0.7699824571609497,tomato: -0.2873970866203308,ketchup: 0.7762855887413025,soy_sauce: 0.7789813876152039,cola: 0.7737119197845459
14,apricot: 0.8059881925582886,aperitif: 0.8257905840873718,chocolate: 0.7467743158340454,jelly: 0.7551337480545044,peanut_butter: 0.7693058848381042,bread: 0.8137134313583374,onion: 0.7964860796928406,tomato: 0.7676793932914734,muesli: 0.7388878464698792,ketchup: 0.7800265550613403,pastry: 0.7731471657752991,cereal: 0.7608034014701843,lime_juice: 0.8377353549003601,juice: 0.7636328935623169,water: 0.6920667886734009,cereal: 0.7492101788520813,banana: 0.7437059283256531,mustard: 0.7794113159179688,juice: 0.7746297121047974,kiwi: 0.7143390774726868,juice: 0.80638188123703,chips: 0.7888074517250061,coffee: 0.7457953095436096,salsa: 0.7108604311943054,tomato: 0.7963235378265381,coffee: 0.7363336682319641,grape_juice: 0.6886991262435913,tomato: 0.019154133275151253,orange_juice: 0.7612361907958984,coconut: 0.791181206703186,jelly: 0.7300234436988831,pastry: 0.8054167628288269,peanut_butter: 0.7985732555389404,cucumber: 0.7504721283912659,mango: 0.7808873057365417,mustard: 0.8151185512542725,avocado: 0.734416663646698,pastry: 0.7650391459465027,mango: 0.7504721283912659,aperitif: 0.8039119839668274,peanut_butter: 0.7595199346542358,mustard: 0.7907240986824036,lime_juice: 0.7136428356170654,orange: 0.7427672743797302,water: 0.8359381556510925,squash: 0.7595394849777222,coconut: -0.2931581139564514,orange_juice: 0.7746537923812866,crackers: 0.7684206962585449,peanut_butter: 0.7720960974693298
15,juice: 0.8010082244873047,apple: 0.8098651170730591,coconut: 0.7467148303985596,chips: 0.7536154389381409,coffee: 0.7643738389015198,liquor: 0.810248851776123,cereal: 0.7860982418060303,loaf: 0.765414297580719,ketchup: 0.7324591279029846,corn: 0.7792631983757019,aperitif: 0.7615483999252319,squash: 0.7601096630096436,liquor: 0.8375657200813293,cereal: 0.7605222463607788,pasta: 0.6800098419189453,muesli: 0.7472295761108398,orange: 0.7430824041366577,pastry: 0.7639281153678894,apricot: 0.7729913592338562,banana: 0.7072563767433167,ketchup: 0.8032383322715759,mustard: 0.7792800068855286,cake: 0.7451797723770142,soy_sauce: 0.705240786075592,cocoa: 0.7953119277954102,corn: 0.7310216426849365,kiwi: 0.671107828617096,potato_chips: -0.0017976080998778343,cake: 0.7604517340660095,bread: 0.790374219417572,onion: 0.7244387865066528,muesli: 0.8012799024581909,chocolate: 0.7980060577392578,cereal: 0.748346745967865,mustard: 0.778076171875,cola: 0.8091932535171509,mustard: 0.733120858669281,artichoke: 0.7618323564529419,avocado: 0.7494789958000183,pastry: 0.7964860796928406,bread: 0.7553500533103943,juice: 0.7888074517250061,tomato: 0.7124729156494141,liquor: 0.7381608486175537,apricot: 0.8217081427574158,juice: 0.7585286498069763,cola: -0.29551374912261963,banana: 0.7659704685211182,banana: 0.7662739753723145,cereal: 0.7696599364280701
16,kiwi: 0.7980060577392578,juice: 0.7976660132408142,kiwi: 0.7422953844070435,aperitif: 0.7530288100242615,banana: 0.7582017183303833,brew: 0.8092829585075378,muesli: 0.7731471657752991,jelly: 0.7605630159378052,jelly: 0.7305006384849548,squash: 0.7763879895210266,apricot: 0.7563583850860596,chips: 0.7598040103912354,mustard: 0.835721492767334,artichoke: 0.7533537745475769,bread: 0.676262617111206,cola: 0.744602382183075,apricot: 0.7370598912239075,water: 0.762272834777832,corn: 0.7720749974250793,lime_juice: 0.7041383385658264,bread: 0.8016125559806824,coffee: 0.7746297121047974,banana: 0.7429167628288269,cucumber: 0.7012903690338135,coffee: 0.7927700877189636,orange: 0.7295894026756287,juice: 0.6707857251167297,chocolate: -0.0029893952887505293,jelly: 0.7596787214279175,kiwi: 0.789532482624054,soy_sauce: 0.7222061157226562,aperitif: 0.7948960661888123,jelly: 0.7953396439552307,cola: 0.7474508881568909,coffee: 0.7770836353302002,apricot: 0.8072962164878845,ketchup: 0.7320222854614258,coconut: 0.7539190649986267,cake: 0.749478816986084,peanut_butter: 0.7875567078590393,chocolate: 0.750015139579773,cucumber: 0.7816691398620605,cocoa: 0.702397346496582,muffin: 0.7305006384849548,liquor: 0.8113886117935181,apricot: 0.7561455368995667,orange: -0.31059709191322327,lime_juice: 0.760089099407196,coffee: 0.7646339535713196,pastry: 0.7668811082839966
17,mango: 0.7947089076042175,crackers: 0.7970665097236633,corn: 0.7374419569969177,corn: 0.7481576800346375,chocolate: 0.7573724985122681,crackers: 0.8086642026901245,liquor: 0.7713888883590698,chocolate: 0.7556384801864624,peanut_butter: 0.7235379219055176,tomato: 0.7710418105125427,bread: 0.756010890007019,coconut: 0.7563527226448059,orange_juice: 0.8348817825317383,pasta: 0.7494467496871948,salsa: 0.6741882562637329,salsa: 0.7443394660949707,coke: 0.7299992442131042,loaf: 0.7617958784103394,tomato: 0.7707846760749817,pastry: 0.7033504843711853,squash: 0.8014349341392517,onion: 0.7711472511291504,coconut: 0.7403929829597473,wine: 0.6970139741897583,liquor: 0.7907535433769226,cucumber: 0.724363386631012,cocoa: 0.6677401065826416,apricot: -0.003418554784730077,sake: 0.7558133602142334,sake: 0.7892023324966431,juice: 0.719440758228302,avocado: 0.7946208119392395,apricot: 0.789532482624054,juice: 0.7456324696540833,avocado: 0.7757161855697632,cucumber: 0.805307924747467,apricot: 0.7277684807777405,beer: 0.7490105628967285,artichoke: 0.7461769580841064,apricot: 0.7818963527679443,apple: 0.7474192380905151,kiwi: 0.7756625413894653,sake: 0.7007125020027161,avocado: 0.7300234436988831,orange: 0.8104574084281921,peanut_butter: 0.755311131477356,peanut_butter: -0.31339970231056213,muffin: 0.7490571141242981,apricot: 0.7633893489837646,cucumber: 0.7648334503173828
18,water: 0.7869970798492432,potato_chips: 0.7952525615692139,tomato: 0.7368321418762207,loaf: 0.7476563453674316,wine: 0.7494467496871948,muffin: 0.8011269569396973,tomato: 0.7686538100242615,muffin: 0.7504844665527344,corn: 0.723286509513855,soy_sauce: 0.7696599364280701,juice: 0.747487485408783,tomato: 0.7412052750587463,corn: 0.8345851898193359,cola: 0.748782753944397,artichoke: 0.6684327721595764,squash: 0.7407509684562683,cake: 0.7291707992553711,muesli: 0.7615483999252319,cocoa: 0.7672826051712036,cereal: 0.7026340961456299,cereal: 0.8002104759216309,wine: 0.7636328935623169,muesli: 0.7343082427978516,tomato: 0.6944209337234497,brew: 0.7899324893951416,jelly: 0.7212514281272888,potato_chips: 0.6664261817932129,loaf: -0.00570585485547781,ketchup: 0.7474738955497742,crackers: 0.7833727598190308,mustard: 0.7183910608291626,muffin: 0.7944347262382507,chips: 0.7756625413894653,water: 0.733392596244812,kiwi: 0.7666598558425903,aperitif: 0.8051060438156128,pasta: 0.7242907285690308,bread: 0.7481576800346375,corn: 0.7429167628288269,juice: 0.7711472511291504,brew: 0.7407509684562683,tomato: 0.7620019912719727,corn: 0.6969139575958252,loaf: 0.7267820239067078,pastry: 0.7992392182350159,chocolate: 0.7544649839401245,sake: -0.3172968029975891,kiwi: 0.7479182481765747,juice: 0.7457825541496277,orange_juice: 0.7579779028892517
19,liquor: 0.7845229506492615,apricot: 0.791181206703186,water: 0.7309191226959229,pastry: 0.7373947501182556,juice: 0.7486797571182251,squash: 0.7900536060333252,soy_sauce: 0.7668811082839966,peanut_butter: 0.7484956979751587,avocado: 0.7172524929046631,onion: 0.7684733271598816,brew: 0.7472295761108398,artichoke: 0.7401953935623169,cereal: 0.8318141102790833,coconut: 0.7429360747337341,soy_sauce: 0.6620967388153076,kiwi: 0.7354467511177063,jelly: 0.7227572202682495,chocolate: 0.755644679069519,salsa: 0.7646339535713196,potato_chips: 0.702397346496582,muesli: 0.793041467666626,cake: 0.7631679177284241,squash: 0.7295031547546387,muffin: 0.688784122467041,bread: 0.7778730392456055,salsa: 0.7143880724906921,apple: 0.6662295460700989,beer: -0.007705115247517824,squash: 0.7474192380905151,onion: 0.7818963527679443,muffin: 0.7172524929046631,brew: 0.7799162268638611,corn: 0.7720499634742737,corn: 0.7279917597770691,wine: 0.7650696635246277,orange: 0.8046189546585083,brew: 0.7235215306282043,chips: 0.7460782527923584,peanut_butter: 0.7424312829971313,squash: 0.7710732817649841,lime_juice: 0.7295031547546387,liquor: 0.7598040103912354,pastry: 0.6915116310119629,salsa: 0.725144624710083,kiwi: 0.7985732555389404,cocoa: 0.7533016204833984,kiwi: -0.31734195351600647,peanut_butter: 0.7427271604537964,brew: 0.7443394660949707,artichoke: 0.756058931350708
20,apple: 0.7728855013847351,water: 0.7677897214889526,mustard: 0.7291896939277649,onion: 0.7362312078475952,cereal: 0.7369369268417358,cocoa: 0.7880457639694214,corn: 0.7650391459465027,sake: 0.7441026568412781,onion: 0.7168979048728943,bread: 0.7671507000923157,orange_juice: 0.7403364181518555,jelly: 0.7381608486175537,chips: 0.8309524655342102,orange_juice: 0.7327413558959961,grape_juice: 0.661697268486023,pastry: 0.7314255237579346,coffee: 0.7171111106872559,bread: 0.7530288100242615,pasta: 0.7643738389015198,mango: 0.696847140789032,lime_juice: 0.789379894733429,kiwi: 0.7614853978157043,soy_sauce: 0.7283742427825928,coke: 0.6886991262435913,mustard: 0.7746537923812866,coconut: 0.7142276167869568,artichoke: 0.6641317009925842,liquor: -0.018373606726527214,chips: 0.7449750900268555,apple: 0.7781659364700317,pastry: 0.7151155471801758,ketchup: 0.7780465483665466,beer: 0.7698987126350403,mustard: 0.7265874743461609,muffin: 0.7610647678375244,orange_juice: 0.7963235378265381,coffee: 0.7185817360877991,cucumber: 0.7429167628288269,sake: 0.7422340512275696,mango: 0.7697516679763794,coke: 0.7249230742454529,loaf: 0.7579317688941956,onion: 0.6833454370498657,cereal: 0.723185122013092,juice: 0.7976458072662354,apple: 0.7474738955497742,bread: -0.3227849006652832,cola: 0.740986168384552,peanut_butter: 0.7320601344108582,orange: 0.7557056546211243
21,tomato: 0.771246075630188,tomato: 0.7650381326675415,jelly: 0.7267820239067078,coconut: 0.7265931367874146,orange_juice: 0.7249634861946106,pasta: 0.7844628691673279,aperitif: 0.7639281153678894,corn: 0.7386093735694885,juice: 0.7129300832748413,cake: 0.7650552988052368,muffin: 0.7388878464698792,cider: 0.7340383529663086,beer: 0.8195779919624329,apricot: 0.7291651964187622,peanut_butter: 0.6603142023086548,bread: 0.723809540271759,coconut: 0.7161095142364502,lime_juice: 0.7523461580276489,potato_chips: 0.7579533457756042,onion: 0.6892166137695312,corn: 0.7885985970497131,ketchup: 0.7585286498069763,grape_juice: 0.7214717864990234,banana: 0.6884750723838806,squash: 0.7644948363304138,ketchup: 0.7086373567581177,peanut_butter: 0.6628203988075256,cereal: -0.025078311562538147,tomato: 0.7436000108718872,banana: 0.7772458791732788,corn: 0.7151055932044983,squash: 0.7777950763702393,cucumber: 0.7684047818183899,apricot: 0.7262043952941895,soy_sauce: 0.7557056546211243,jelly: 0.7956812381744385,jelly: 0.7182589769363403,chocolate: 0.7410558462142944,pastry: 0.7372586727142334,cereal: 0.7684733271598816,orange: 0.7129010558128357,bread: 0.7536154389381409,muffin: 0.6822896599769592,beer: 0.7227572202682495,onion: 0.7875567078590393,coke: 0.7430977821350098,pastry: -0.32429030537605286,cake: 0.7408463358879089,wine: 0.7274373769760132,juice: 0.7390496134757996
22,beer: 0.7636928558349609,muffin: 0.7610895037651062,coffee: 0.7213408946990967,tomato: 0.7265480756759644,artichoke: 0.7242907285690308,potato_chips: 0.7806401252746582,mango: 0.7558056116104126,mustard: 0.7223292589187622,pasta: 0.7092390656471252,kiwi: 0.7628689408302307,tomato: 0.7374601364135742,juice: 0.7331355810165405,bread: 0.8160614371299744,salsa: 0.7274373769760132,ketchup: 0.6589717864990234,artichoke: 0.7235215306282043,pastry: 0.7140566110610962,apricot: 0.7482674717903137,cereal: 0.7522685527801514,brew: 0.6878671646118164,beer: 0.7881854176521301,apricot: 0.7536017298698425,potato_chips: 0.7136428356170654,corn: 0.68836909532547,beer: 0.7633191347122192,water: 0.706520140171051,orange_juice: 0.6482788324356079,kiwi: -0.02786697819828987,cider: 0.7361485362052917,cake: 0.7772254943847656,sake: 0.713097333908081,apricot: 0.7772458791732788,orange: 0.7666598558425903,cake: 0.725250244140625,pastry: 0.7537147998809814,beer: 0.7861979007720947,kiwi: 0.7150577306747437,peanut_butter: 0.7405228018760681,potato_chips: 0.734632670879364,cake: 0.7648637294769287,apricot: 0.7085041999816895,cocoa: 0.7517653107643127,orange_juice: 0.6779252886772156,cola: 0.7212514281272888,apple: 0.7846857905387878,pastry: 0.7409387826919556,pasta: -0.33415934443473816,pastry: 0.7343675494194031,pastry: 0.7265860438346863,coconut: 0.7308465242385864
23,cola: 0.7620799541473389,liquor: 0.7563527226448059,liquor: 0.7146671414375305,brew: 0.723809540271759,liquor: 0.7238976359367371,apricot: 0.7772254943847656,grape_juice: 0.7552037239074707,onion: 0.7216986417770386,wine: 0.697006344795227,liquor: 0.7608034014701843,lime_juice: 0.7343082427978516,onion: 0.7319455742835999,aperitif: 0.813932478427887,apple: 0.7232742309570312,banana: 0.6531136631965637,orange: 0.721590518951416,cereal: 0.7128197550773621,cola: 0.7404031753540039,lime_juice: 0.7457953095436096,crackers: 0.6836569905281067,grape_juice: 0.7871127128601074,pasta: 0.7486797571182251,apricot: 0.71159827709198,avocado: 0.686391294002533,apple: 0.7612361907958984,pasta: 0.703462541103363,mustard: 0.6410158276557922,squash: -0.0364241749048233,water: 0.7341650724411011,water: 0.7739914059638977,coffee: 0.7129384875297546,mango: 0.7749085426330566,cereal: 0.7628689408302307,potato_chips: 0.7234227657318115,cake: 0.7518710494041443,mango: 0.7833611965179443,apple: 0.7145912051200867,crackers: 0.7386093735694885,orange: 0.734367311000824,jelly: 0.7606732845306396,crackers: 0.7063003778457642,onion: 0.747857391834259,cereal: 0.6761960387229919,artichoke: 0.7182589769363403,lime_juice: 0.7814286947250366,orange: 0.73930424451828,beer: -0.3351995646953583,artichoke: 0.733120858669281,orange: 0.7258636355400085,lime_juice: 0.7283742427825928
24,pasta: 0.7573724985122681,cocoa: 0.75438392162323,apple: 0.713060736656189,chocolate: 0.7237970232963562,cocoa: 0.7228749394416809,tomato: 0.7655346989631653,orange: 0.7537147998809814,orange_juice: 0.7189792990684509,beer: 0.6958469152450562,wine: 0.7605222463607788,apple: 0.7339138388633728,apricot: 0.7280025482177734,juice: 0.8078216910362244,cider: 0.7170282006263733,cocoa: 0.6503149271011353,water: 0.7197489142417908,salsa: 0.707885205745697,chips: 0.7343806624412537,cola: 0.7363336682319641,aperitif: 0.6811022758483887,chocolate: 0.7869970798492432,muesli: 0.747487485408783,orange_juice: 0.7089249491691589,orange_juice: 0.6833367943763733,soy_sauce: 0.7579779028892517,cake: 0.702121913433075,cake: 0.6381703615188599,banana: -0.038901545107364655,muesli: 0.7339138388633728,coffee: 0.7729913592338562,peanut_butter: 0.7124986052513123,soy_sauce: 0.7743741869926453,juice: 0.7614853978157043,orange_juice: 0.7229630947113037,beer: 0.7430824041366577,peanut_butter: 0.7783734202384949,grape_juice: 0.7142588496208191,loaf: 0.7374419569969177,cola: 0.724363386631012,loaf: 0.7586051821708679,coffee: 0.7055288553237915,corn: 0.7460782527923584,wine: 0.676016628742218,aperitif: 0.7115432620048523,tomato: 0.7783734202384949,muffin: 0.7324591279029846,chocolate: -0.3352621793746948,coffee: 0.7297999858856201,jelly: 0.725144624710083,avocado: 0.7222061157226562
25,aperitif: 0.755644679069519,corn: 0.7539190649986267,wine: 0.7067312598228455,orange: 0.7219956517219543,chips: 0.7203581929206848,cereal: 0.7650552988052368,water: 0.7487805485725403,cereal: 0.7152045965194702,grape_juice: 0.688784122467041,muffin: 0.75282883644104,cocoa: 0.732292652130127,pasta: 0.7238976359367371,coffee: 0.8045889735221863,banana: 0.7132568359375,chocolate: 0.6492323875427246,potato_chips: 0.7161774635314941,soy_sauce: 0.7014086246490479,potato_chips: 0.7273884415626526,mustard: 0.7297999858856201,mustard: 0.679743766784668,salsa: 0.7858266234397888,salsa: 0.7457825541496277,mango: 0.7083854675292969,liquor: 0.6719573140144348,cola: 0.7446202635765076,cereal: 0.6999155879020691,banana: 0.6348444223403931,mustard: -0.04113353416323662,onion: 0.7322844862937927,salsa: 0.7633893489837646,bread: 0.7093979716300964,bread: 0.7711617946624756,banana: 0.748842179775238,muesli: 0.7183502912521362,jelly: 0.7427672743797302,chocolate: 0.771246075630188,peanut_butter: 0.7055381536483765,cola: 0.7310216426849365,juice: 0.7235237956047058,beer: 0.7534273862838745,soy_sauce: 0.7028074860572815,apple: 0.7449750900268555,coke: 0.6664261817932129,ketchup: 0.7001901865005493,soy_sauce: 0.7720960974693298,artichoke: 0.7320222854614258,apple: -0.335647314786911,loaf: 0.7291896939277649,cola: 0.7143880724906921,apricot: 0.7216029763221741
26,crackers: 0.7556384801864624,loaf: 0.7467148303985596,cider: 0.7002177238464355,apple: 0.7209376096725464,coke: 0.7186400890350342,onion: 0.7648637294769287,kiwi: 0.748350203037262,aperitif: 0.7119853496551514,water: 0.6844431161880493,coffee: 0.7522685527801514,orange: 0.7317706942558289,orange: 0.7215449810028076,cocoa: 0.7970094084739685,crackers: 0.7085086107254028,orange: 0.6484437584877014,soy_sauce: 0.6992157697677612,cola: 0.6984525322914124,juice: 0.7201385498046875,pastry: 0.7279552817344666,squash: 0.673587441444397,coffee: 0.7847777605056763,mango: 0.7456324696540833,cocoa: 0.7041383385658264,bread: 0.6685966849327087,muesli: 0.7403364181518555,beer: 0.6984525322914124,chocolate: 0.6309311985969543,sake: -0.049037858843803406,wine: 0.7232742309570312,loaf: 0.7621113061904907,wine: 0.7082712650299072,crackers: 0.7688544988632202,pastry: 0.748350203037262,chips: 0.7170418500900269,onion: 0.740161120891571,cereal: 0.7710418105125427,coconut: 0.7027095556259155,mango: 0.7279917597770691,coffee: 0.7207247018814087,chips: 0.747857391834259,beer: 0.6915844082832336,muffin: 0.7412224411964417,banana: 0.6442551016807556,coconut: 0.6994539499282837,pasta: 0.7693058848381042,orange_juice: 0.7267685532569885,cocoa: -0.3459881842136383,grape_juice: 0.7267044186592102,coconut: 0.7119552493095398,corn: 0.7128505706787109
27,ketchup: 0.7544649839401245,avocado: 0.7446609139442444,orange: 0.6967025995254517,avocado: 0.7093979716300964,pastry: 0.7170119285583496,juice: 0.7631679177284241,ketchup: 0.7409387826919556,wine: 0.7085086107254028,cucumber: 0.6829546689987183,brew: 0.7492101788520813,onion: 0.7298212647438049,loaf: 0.7146671414375305,artichoke: 0.7956051826477051,avocado: 0.7082712650299072,aperitif: 0.6469862461090088,lime_juice: 0.698700487613678,muesli: 0.6982386112213135,crackers: 0.7119853496551514,onion: 0.7217601537704468,beer: 0.6733553409576416,apricot: 0.7739914059638977,soy_sauce: 0.7390496134757996,chocolate: 0.702648401260376,pasta: 0.668572723865509,wine: 0.7327413558959961,crackers: 0.6984377503395081,brew: 0.6196804046630859,artichoke: -0.060930993407964706,kiwi: 0.7212496399879456,muffin: 0.7575665712356567,aperitif: 0.7076807618141174,salsa: 0.7662739753723145,mustard: 0.7479182481765747,lime_juice: 0.7083854675292969,ketchup: 0.73930424451828,coffee: 0.7707846760749817,muesli: 0.699834942817688,muesli: 0.726994514465332,coconut: 0.7191336154937744,cola: 0.7443328499794006,corn: 0.6909322738647461,pastry: 0.7350761890411377,crackers: 0.6414061188697815,chocolate: 0.6987266540527344,bread: 0.7675356268882751,coffee: 0.7179263234138489,avocado: -0.34719061851501465,mango: 0.7265874743461609,grape_juice: 0.7108604311943054,cake: 0.7100247144699097
28,potato_chips: 0.7519807815551758,wine: 0.7429360747337341,artichoke: 0.6927739381790161,coffee: 0.6984499096870422,orange: 0.7107537984848022,apple: 0.7604517340660095,bread: 0.7373947501182556,squash: 0.7063003778457642,potato_chips: 0.6822896599769592,mango: 0.748346745967865,corn: 0.726994514465332,coffee: 0.711947500705719,squash: 0.7950316667556763,coffee: 0.7076300382614136,cake: 0.6447805166244507,corn: 0.6942328810691833,muffin: 0.6958469152450562,jelly: 0.7115432620048523,loaf: 0.7213408946990967,soy_sauce: 0.6695063710212708,wine: 0.7711080312728882,liquor: 0.7331355810165405,brew: 0.698700487613678,cider: 0.661697268486023,ketchup: 0.7267685532569885,sake: 0.6968123912811279,bread: 0.6084116697311401,cucumber: -0.061119161546230316,bread: 0.7209376096725464,muesli: 0.7563583850860596,ketchup: 0.7069483399391174,mustard: 0.7659704685211182,loaf: 0.7422953844070435,kiwi: 0.6995291113853455,grape_juice: 0.7343968749046326,pastry: 0.7686538100242615,loaf: 0.6927739381790161,muffin: 0.723286509513855,grape_juice: 0.7012903690338135,coconut: 0.7422113418579102,avocado: 0.6906722187995911,aperitif: 0.7343806624412537,orange: 0.6405091285705566,banana: 0.6985973119735718,potato_chips: 0.7664908170700073,coconut: 0.7174895405769348,crackers: -0.3515625,crackers: 0.7223292589187622,beer: 0.707885205745697,apple: 0.7070497870445251
29,squash: 0.750015139579773,onion: 0.7422113418579102,cola: 0.6886277198791504,mustard: 0.690775990486145,muffin: 0.7092390656471252,orange: 0.7518710494041443,cucumber: 0.7372586727142334,ketchup: 0.7033727169036865,salsa: 0.6780544519424438,avocado: 0.7403639554977417,mango: 0.7183502912521362,coke: 0.7116954326629639,grape_juice: 0.7943547964096069,loaf: 0.7067312598228455,squash: 0.6401500701904297,cocoa: 0.6878671646118164,squash: 0.6915844082832336,avocado: 0.7076807618141174,cucumber: 0.7207247018814087,coke: 0.6677401065826416,cucumber: 0.7685539722442627,cucumber: 0.7235237956047058,avocado: 0.693162739276886,apple: 0.6598979830741882,pasta: 0.7249634861946106,banana: 0.6931218504905701,jelly: 0.6067697405815125,coconut: -0.061887308955192566,artichoke: 0.7145912051200867,ketchup: 0.7561455368995667,orange_juice: 0.706598162651062,tomato: 0.7602201104164124,brew: 0.7354467511177063,cider: 0.6987430453300476,cucumber: 0.734367311000824,crackers: 0.7676793932914734,mango: 0.6899107694625854,cider: 0.7196020483970642,orange_juice: 0.6977707147598267,orange: 0.740161120891571,cola: 0.688506007194519,pasta: 0.7203581929206848,mustard: 0.6351740956306458,orange_juice: 0.6879168748855591,squash: 0.7595199346542358,liquor: 0.7101186513900757,banana: -0.3626576364040375,chocolate: 0.7216141819953918,liquor: 0.699912965297699,grape_juice: 0.705240786075592
30,loaf: 0.7467743158340454,lime_juice: 0.7403929829597473,cereal: 0.685040295124054,artichoke: 0.6896063089370728,apple: 0.7051454782485962,cucumber: 0.749478816986084,chips: 0.7350761890411377,orange: 0.6996695399284363,lime_juice: 0.6729351878166199,pasta: 0.7369369268417358,kiwi: 0.7005938291549683,ketchup: 0.7101186513900757,mango: 0.7906916737556458,peanut_butter: 0.7043543457984924,muffin: 0.6397398114204407,juice: 0.6866968274116516,chips: 0.6906154751777649,coffee: 0.7074291110038757,artichoke: 0.7185817360877991,apricot: 0.650637149810791,coconut: 0.7677897214889526,aperitif: 0.7201385498046875,cucumber: 0.6922011375427246,loaf: 0.6500673294067383,pastry: 0.7236172556877136,loaf: 0.6886277198791504,muesli: 0.6061586737632751,wine: -0.06373130530118942,loaf: 0.713060736656189,juice: 0.7536017298698425,cake: 0.6955353617668152,pasta: 0.7582017183303833,coconut: 0.7301550507545471,cocoa: 0.696847140789032,muesli: 0.7317706942558289,brew: 0.7660325169563293,bread: 0.6896063089370728,juice: 0.7178686261177063,banana: 0.6925629377365112,banana: 0.7397919297218323,coconut: 0.6878296732902527,mango: 0.7170418500900269,bread: 0.6165084838867188,juice: 0.6863002777099609,ketchup: 0.755311131477356,cola: 0.7086373567581177,liquor: -0.37315016984939575,cereal: 0.7194878458976746,orange_juice: 0.6944445371627808,squash: 0.7028074860572815
31,muffin: 0.7447101473808289,soy_sauce: 0.7308465242385864,mango: 0.6786139011383057,cider: 0.676262617111206,cola: 0.703462541103363,lime_juice: 0.7451797723770142,mustard: 0.7343675494194031,cola: 0.6984377503395081,tomato: 0.6713659763336182,artichoke: 0.736662745475769,artichoke: 0.699834942817688,aperitif: 0.7074171304702759,apricot: 0.7892023324966431,grape_juice: 0.6970139741897583,crackers: 0.6388165950775146,chips: 0.6861350536346436,apple: 0.6883835196495056,liquor: 0.7074171304702759,ketchup: 0.7179263234138489,cider: 0.6503149271011353,aperitif: 0.762272834777832,avocado: 0.719440758228302,orange: 0.6878690123558044,mango: 0.6493374109268188,mango: 0.7229630947113037,squash: 0.688506007194519,coffee: 0.6020885705947876,ketchup: -0.0673019215464592,soy_sauce: 0.7070497870445251,aperitif: 0.7482674717903137,lime_juice: 0.693162739276886,kiwi: 0.748842179775238,apple: 0.7212496399879456,artichoke: 0.6899107694625854,cola: 0.7295894026756287,cake: 0.7655346989631653,juice: 0.6881272792816162,cake: 0.7177454233169556,lime_juice: 0.6922011375427246,bread: 0.7362312078475952,artichoke: 0.6801062822341919,coke: 0.694819450378418,juice: 0.615035891532898,water: 0.6842371225357056,cola: 0.7544229626655579,avocado: 0.7069483399391174,apricot: -0.37481915950775146,avocado: 0.7183910608291626,kiwi: 0.6931440234184265,beer: 0.7014086246490479
32,corn: 0.7410558462142944,kiwi: 0.7301550507545471,banana: 0.6778189539909363,juice: 0.671943187713623,avocado: 0.6907139420509338,mustard: 0.7408463358879089,apricot: 0.733085036277771,kiwi: 0.6950557827949524,coffee: 0.6687964797019958,grape_juice: 0.7337878942489624,beer: 0.6982386112213135,corn: 0.7006313800811768,salsa: 0.7856192588806152,muffin: 0.697006344795227,potato_chips: 0.6102250814437866,onion: 0.6786298751831055,liquor: 0.6875045895576477,orange: 0.7027590274810791,beer: 0.7171111106872559,loaf: 0.6501743197441101,pastry: 0.7487805485725403,corn: 0.7178686261177063,corn: 0.6836177706718445,peanut_butter: 0.6478198766708374,crackers: 0.7189792990684509,juice: 0.6869217753410339,muffin: 0.6003042459487915,avocado: -0.07258854806423187,pasta: 0.7051454782485962,beer: 0.7370598912239075,pasta: 0.6907139420509338,beer: 0.7437059283256531,artichoke: 0.7150577306747437,ketchup: 0.6866354942321777,salsa: 0.7258636355400085,coconut: 0.7650381326675415,aperitif: 0.6872851848602295,avocado: 0.7151055932044983,crackers: 0.6880374550819397,apple: 0.7322844862937927,chips: 0.6786243319511414,beer: 0.6906154751777649,pasta: 0.6146608591079712,soy_sauce: 0.6800315976142883,loaf: 0.749140202999115,crackers: 0.7033727169036865,grape_juice: -0.37894508242607117,bread: 0.690775990486145,coke: 0.6894619464874268,brew: 0.6992157697677612
33,onion: 0.7244070768356323,bread: 0.7265931367874146,brew: 0.6770837903022766,grape_juice: 0.6685966849327087,apricot: 0.6901946663856506,beer: 0.7291707992553711,brew: 0.7314255237579346,cucumber: 0.6880374550819397,liquor: 0.6649419665336609,coke: 0.7254759073257446,mustard: 0.689867377281189,salsa: 0.699912965297699,muesli: 0.7787007093429565,cake: 0.6962562799453735,orange_juice: 0.608596920967102,loaf: 0.6770837903022766,wine: 0.6796467900276184,artichoke: 0.6872851848602295,kiwi: 0.7132921814918518,juice: 0.6468512415885925,artichoke: 0.7467204332351685,grape_juice: 0.7140435576438904,wine: 0.6807134747505188,chips: 0.6393800377845764,lime_juice: 0.7089249491691589,apple: 0.6815210580825806,avocado: 0.5852749347686768,muesli: -0.08353839069604874,coffee: 0.6917874217033386,grape_juice: 0.7335103750228882,squash: 0.6906722187995911,lime_juice: 0.7429167628288269,cocoa: 0.7143390774726868,jelly: 0.6794445514678955,bread: 0.7219956517219543,chips: 0.7620019912719727,squash: 0.6801062822341919,soy_sauce: 0.7128505706787109,chocolate: 0.6876973509788513,liquor: 0.7319455742835999,cocoa: 0.673587441444397,brew: 0.6861350536346436,liquor: 0.6145476698875427,mango: 0.6794445514678955,crackers: 0.7484956979751587,jelly: 0.7001901865005493,juice: -0.38176417350769043,muesli: 0.689867377281189,chocolate: 0.6855924725532532,chocolate: 0.695942223072052
34,bread: 0.7237970232963562,cucumber: 0.7191336154937744,soy_sauce: 0.6763489246368408,pasta: 0.6669195294380188,coconut: 0.6856195330619812,mango: 0.725250244140625,coffee: 0.7279552817344666,juice: 0.6856485605239868,bread: 0.6557161211967468,jelly: 0.723185122013092,avocado: 0.6783194541931152,beer: 0.6875045895576477,wine: 0.7738706469535828,lime_juice: 0.6807134747505188,lime_juice: 0.593849778175354,ketchup: 0.6714105010032654,mustard: 0.6749243140220642,pasta: 0.682979166507721,avocado: 0.7129384875297546,cola: 0.6407707929611206,cocoa: 0.7457242012023926,pastry: 0.7138505578041077,chips: 0.6789004802703857,coconut: 0.6365596055984497,avocado: 0.706598162651062,chips: 0.6751170754432678,aperitif: 0.5851103067398071,cake: -0.08468557149171829,corn: 0.6906149387359619,pastry: 0.733085036277771,grape_juice: 0.686391294002533,onion: 0.7397919297218323,coffee: 0.7132921814918518,loaf: 0.6786139011383057,brew: 0.721590518951416,banana: 0.7602201104164124,orange: 0.6741694808006287,liquor: 0.7006313800811768,muffin: 0.6829546689987183,muesli: 0.7298212647438049,muesli: 0.6528401970863342,soy_sauce: 0.6810018420219421,cider: 0.6102250814437866,cake: 0.6767728924751282,beer: 0.7458508610725403,mango: 0.6866354942321777,wine: -0.4074021875858307,corn: 0.6891906261444092,mustard: 0.6825998425483704,coffee: 0.6933693289756775
35,mustard: 0.7216141819953918,ketchup: 0.7174895405769348,pasta: 0.665178120136261,wine: 0.6636874675750732,aperitif: 0.682979166507721,corn: 0.7177454233169556,salsa: 0.7265860438346863,cocoa: 0.6836569905281067,aperitif: 0.6525650024414062,mustard: 0.7194878458976746,cola: 0.6681739091873169,lime_juice: 0.6725669503211975,brew: 0.769392192363739,beer: 0.6796467900276184,chips: 0.5929248929023743,beer: 0.6713945865631104,cocoa: 0.6733553409576416,cocoa: 0.6811022758483887,liquor: 0.711947500705719,artichoke: 0.6368388533592224,avocado: 0.7358611226081848,muffin: 0.7129300832748413,cereal: 0.6765323281288147,kiwi: 0.6288682818412781,onion: 0.702121376991272,muesli: 0.6681739091873169,soy_sauce: 0.5838626027107239,lime_juice: -0.08516272157430649,beer: 0.6883835196495056,wine: 0.7291651964187622,muesli: 0.6783194541931152,wine: 0.7132568359375,muesli: 0.7005938291549683,beer: 0.6706533432006836,liquor: 0.7215449810028076,apple: 0.7436000108718872,cake: 0.6735554337501526,potato_chips: 0.6969139575958252,cereal: 0.6604927778244019,grape_juice: 0.7295089364051819,mustard: 0.6518389582633972,lime_juice: 0.6789004802703857,beer: 0.6091648936271667,peanut_butter: 0.6749152541160583,mustard: 0.7427271604537964,wine: 0.6785047650337219,lime_juice: -0.40816745162010193,coconut: 0.6826179623603821,muffin: 0.6780544519424438,chips: 0.6810018420219421
36,lime_juice: 0.702648401260376,beer: 0.7161095142364502,cocoa: 0.6501743197441101,muffin: 0.6557161211967468,cider: 0.6800098419189453,soy_sauce: 0.7100247144699097,orange_juice: 0.7236172556877136,water: 0.6761256456375122,orange_juice: 0.6455484628677368,crackers: 0.7152045965194702,pasta: 0.6646376848220825,soy_sauce: 0.6722859740257263,muffin: 0.7674337029457092,ketchup: 0.6785047650337219,juice: 0.5919831395149231,jelly: 0.6704806089401245,brew: 0.6713945865631104,apple: 0.6806066036224365,wine: 0.7076300382614136,apple: 0.6313050985336304,apple: 0.7341650724411011,artichoke: 0.6881272792816162,muffin: 0.6729351878166199,chocolate: 0.625700831413269,cucumber: 0.6977707147598267,pastry: 0.6600930690765381,orange: 0.5805710554122925,cocoa: -0.09627276659011841,cola: 0.6815210580825806,liquor: 0.7280025482177734,kiwi: 0.6721817255020142,cocoa: 0.7072563767433167,mango: 0.6995291113853455,crackers: 0.6614717245101929,squash: 0.7129010558128357,liquor: 0.7412052750587463,cider: 0.6684327721595764,banana: 0.6954230070114136,pasta: 0.6602199077606201,avocado: 0.7244387865066528,aperitif: 0.650480329990387,squash: 0.6786243319511414,soy_sauce: 0.6014532446861267,brew: 0.6704806089401245,cucumber: 0.7424312829971313,cake: 0.6781916618347168,water: -0.40929728746414185,salsa: 0.6825998425483704,cider: 0.6741882562637329,jelly: 0.6800315976142883
37,jelly: 0.6987266540527344,cola: 0.7142276167869568,grape_juice: 0.6500673294067383,soy_sauce: 0.6493706107139587,grape_juice: 0.668572723865509,cola: 0.702121913433075,pasta: 0.7170119285583496,chips: 0.6742181181907654,soy_sauce: 0.6431069374084473,beer: 0.7128197550773621,cereal: 0.6592756509780884,grape_juice: 0.6719573140144348,loaf: 0.7643445134162903,potato_chips: 0.676016628742218,brew: 0.5894331932067871,liquor: 0.669722855091095,mango: 0.6706533432006836,cereal: 0.664732813835144,aperitif: 0.7074291110038757,bread: 0.6297747492790222,mango: 0.733392596244812,cola: 0.6869217753410339,liquor: 0.6725669503211975,cake: 0.613518238067627,salsa: 0.6944445371627808,cocoa: 0.6407707929611206,coconut: 0.5793846249580383,coffee: -0.10263892263174057,aperitif: 0.6806066036224365,artichoke: 0.7277684807777405,chocolate: 0.6657589077949524,jelly: 0.6985973119735718,crackers: 0.6950557827949524,salsa: 0.6534635424613953,pasta: 0.7107537984848022,muesli: 0.7374601364135742,coke: 0.6641317009925842,brew: 0.6942328810691833,apple: 0.6551198959350586,chocolate: 0.7244070768356323,pastry: 0.6483584642410278,ketchup: 0.6777064800262451,kiwi: 0.6004756093025208,mustard: 0.6660618782043457,corn: 0.7405228018760681,chips: 0.6777064800262451,coke: -0.41005051136016846,cocoa: 0.679743766784668,cake: 0.666266143321991,loaf: 0.6763489246368408
38,soy_sauce: 0.695942223072052,cider: 0.7131906151771545,juice: 0.6457518935203552,salsa: 0.6473667025566101,crackers: 0.6679052710533142,wine: 0.6962562799453735,avocado: 0.7151155471801758,pasta: 0.6679052710533142,cider: 0.6397398114204407,cider: 0.7126899361610413,squash: 0.6528401970863342,brew: 0.669722855091095,apple: 0.7558133602142334,chips: 0.6736482381820679,muesli: 0.5853745937347412,pasta: 0.6558962464332581,aperitif: 0.6524125337600708,muffin: 0.6525650024414062,squash: 0.7055288553237915,wine: 0.6252015233039856,loaf: 0.7309191226959229,brew: 0.6866968274116516,pastry: 0.6600796580314636,aperitif: 0.6097740530967712,corn: 0.6881614923477173,bread: 0.64010089635849,loaf: 0.5667388439178467,pasta: -0.11107109487056732,mustard: 0.6742777228355408,coke: 0.7267746329307556,mango: 0.6505160927772522,corn: 0.6954230070114136,cider: 0.6940001249313354,avocado: 0.6505160927772522,aperitif: 0.7027590274810791,loaf: 0.7368321418762207,chips: 0.6611014604568481,squash: 0.6909322738647461,brew: 0.6478427052497864,coffee: 0.7217601537704468,cider: 0.6401500701904297,cola: 0.6751170754432678,artichoke: 0.5993112325668335,chips: 0.6620334982872009,salsa: 0.7320601344108582,brew: 0.6714105010032654,coffee: -0.4194476008415222,beer: 0.6749243140220642,mango: 0.6534635424613953,liquor: 0.6722859740257263
39,cucumber: 0.6876973509788513,salsa: 0.7119552493095398,lime_juice: 0.6396327614784241,cola: 0.64010089635849,bread: 0.6669195294380188,avocado: 0.6955353617668152,beer: 0.7140566110610962,mango: 0.6614717245101929,kiwi: 0.6347900032997131,cocoa: 0.7026340961456299,jelly: 0.6354520916938782,muffin: 0.6649419665336609,cider: 0.7534041404724121,chocolate: 0.6707875728607178,apricot: 0.5848889946937561,cucumber: 0.6478427052497864,avocado: 0.6452199816703796,beer: 0.6524125337600708,bread: 0.6984499096870422,salsa: 0.6212440729141235,coke: 0.7209020256996155,jelly: 0.6863002777099609,kiwi: 0.6536419987678528,brew: 0.5962893962860107,jelly: 0.6879168748855591,liquor: 0.6309311389923096,corn: 0.5600548982620239,salsa: -0.11425072699785233,coke: 0.6662295460700989,mango: 0.7262043952941895,beer: 0.6452199816703796,cola: 0.6931218504905701,salsa: 0.6931440234184265,grape_juice: 0.6493374109268188,crackers: 0.6996695399284363,avocado: 0.7304101586341858,banana: 0.658547580242157,apple: 0.6906149387359619,liquor: 0.64724200963974,crackers: 0.7216986417770386,jelly: 0.6285433173179626,crackers: 0.6742181181907654,jelly: 0.5977314710617065,pasta: 0.6610651016235352,muffin: 0.7235379219055176,kiwi: 0.669781506061554,orange_juice: -0.42747431993484497,apple: 0.6742777228355408,bread: 0.6473667025566101,cocoa: 0.6695063710212708
40,salsa: 0.6855924725532532,artichoke: 0.7027095556259155,beer: 0.6295040845870972,mango: 0.6307435035705566,loaf: 0.665178120136261,ketchup: 0.6781916618347168,juice: 0.7138505578041077,lime_juice: 0.6524025201797485,squash: 0.6119553446769714,cola: 0.6999155879020691,ketchup: 0.6335993409156799,mustard: 0.6639338135719299,jelly: 0.751192569732666,bread: 0.6636874675750732,beer: 0.5847537517547607,apple: 0.6472697854042053,loaf: 0.6295040845870972,squash: 0.650480329990387,soy_sauce: 0.6933693289756775,corn: 0.6208608150482178,brew: 0.7197489142417908,crackers: 0.6856485605239868,crackers: 0.6524025201797485,crackers: 0.5959307551383972,grape_juice: 0.6833367943763733,artichoke: 0.6142669320106506,pastry: 0.5552189350128174,brew: -0.1324918419122696,grape_juice: 0.6598979830741882,soy_sauce: 0.7216029763221741,chips: 0.6393645405769348,cucumber: 0.6925629377365112,avocado: 0.6721817255020142,pasta: 0.6440147161483765,loaf: 0.6967025995254517,coke: 0.7278457283973694,chocolate: 0.6432998180389404,mustard: 0.6891906261444092,salsa: 0.6252344846725464,muffin: 0.7168979048728943,loaf: 0.6230593323707581,wine: 0.6736482381820679,grape_juice: 0.5952678918838501,muesli: 0.6354520916938782,avocado: 0.7124986052513123,cider: 0.6589717864990234,chips: -0.43975529074668884,jelly: 0.6660618782043457,muesli: 0.6278911828994751,cider: 0.6620967388153076
41,wine: 0.6707875728607178,jelly: 0.6994539499282837,orange_juice: 0.627352237701416,cocoa: 0.6297747492790222,muesli: 0.6646376848220825,jelly: 0.6767728924751282,cocoa: 0.7033504843711853,soy_sauce: 0.6441363096237183,cola: 0.6110864877700806,loaf: 0.685040295124054,wine: 0.6308244466781616,wine: 0.6524418592453003,crackers: 0.7441026568412781,liquor: 0.6524418592453003,cola: 0.58454430103302,wine: 0.642649233341217,bread: 0.6237292885780334,cider: 0.6469862461090088,apple: 0.6917874217033386,jelly: 0.6012454032897949,potato_chips: 0.7197114825248718,bread: 0.671943187713623,apple: 0.6513192653656006,potato_chips: 0.5952678918838501,potato_chips: 0.6779252886772156,muffin: 0.6110864877700806,cucumber: 0.5513822436332703,aperitif: -0.13436423242092133,cucumber: 0.6551198959350586,potato_chips: 0.7159340381622314,liquor: 0.6295087933540344,grape_juice: 0.6884750723838806,coke: 0.671107828617096,apple: 0.6398294568061829,lime_juice: 0.6878690123558044,bread: 0.7265480756759644,cocoa: 0.6368388533592224,grape_juice: 0.68836909532547,beer: 0.6208871603012085,cider: 0.7027361989021301,wine: 0.621719479560852,jelly: 0.6620334982872009,ketchup: 0.5801023244857788,squash: 0.6285433173179626,artichoke: 0.7055381536483765,muesli: 0.6335993409156799,cake: -0.44014161825180054,liquor: 0.6639338135719299,cucumber: 0.6252344846725464,bread: 0.6493706107139587
42,avocado: 0.6657589077949524,squash: 0.6878296732902527,squash: 0.6230593323707581,beer: 0.6237292885780334,jelly: 0.6610651016235352,artichoke: 0.6735554337501526,potato_chips: 0.6915116310119629,potato_chips: 0.6414061188697815,mango: 0.6106855273246765,lime_juice: 0.6765323281288147,salsa: 0.6278911828994751,cucumber: 0.64724200963974,cucumber: 0.7422340512275696,brew: 0.642649233341217,coffee: 0.575572669506073,coke: 0.6196804046630859,cucumber: 0.6208871603012085,corn: 0.6387291550636292,muffin: 0.6687964797019958,orange: 0.5887390375137329,cola: 0.706520140171051,coke: 0.6707857251167297,loaf: 0.6396327614784241,coffee: 0.5899777412414551,coke: 0.6482788324356079,lime_juice: 0.6104122400283813,crackers: 0.5461651086807251,cola: -0.14167547225952148,lime_juice: 0.6513192653656006,lime_juice: 0.71159827709198,loaf: 0.6212083697319031,loaf: 0.6778189539909363,ketchup: 0.669781506061554,bread: 0.6307435035705566,artichoke: 0.6741694808006287,cocoa: 0.7234074473381042,orange_juice: 0.629671037197113,orange_juice: 0.6881614923477173,squash: 0.5772214531898499,orange_juice: 0.702121376991272,muffin: 0.6119553446769714,artichoke: 0.6611014604568481,apple: 0.5756179690361023,coffee: 0.6221299171447754,wine: 0.7043543457984924,aperitif: 0.5946813225746155,aperitif: -0.4426625967025757,squash: 0.6518389582633972,cocoa: 0.6212440729141235,crackers: 0.6441363096237183
43,cider: 0.6492323875427246,pasta: 0.6856195330619812,avocado: 0.6212083697319031,potato_chips: 0.6165084838867188,cucumber: 0.6602199077606201,salsa: 0.666266143321991,cola: 0.6600930690765381,cider: 0.6388165950775146,coke: 0.6003042459487915,potato_chips: 0.6761960387229919,soy_sauce: 0.6142597198486328,cola: 0.6309311389923096,coke: 0.7271395325660706,muesli: 0.6308244466781616,cucumber: 0.5746480226516724,mustard: 0.6168726086616516,artichoke: 0.6121456027030945,salsa: 0.6108263731002808,jelly: 0.6221299171447754,grape_juice: 0.582163393497467,cider: 0.6920667886734009,cocoa: 0.6468512415885925,cola: 0.6104122400283813,muesli: 0.5842747092247009,muffin: 0.6455484628677368,cider: 0.58454430103302,cider: 0.5387990474700928,water: -0.15744055807590485,brew: 0.6472697854042053,squash: 0.7085041999816895,coke: 0.5852749347686768,artichoke: 0.658547580242157,lime_juice: 0.6536419987678528,liquor: 0.6211466193199158,cider: 0.6484437584877014,cider: 0.7227163910865784,cola: 0.6142669320106506,lime_juice: 0.6836177706718445,cider: 0.5746480226516724,coke: 0.6972216963768005,cucumber: 0.5772214531898499,grape_juice: 0.6393800377845764,avocado: 0.5605441331863403,coke: 0.6067697405815125,jelly: 0.6749152541160583,loaf: 0.5888702869415283,muffin: -0.4742298126220703,coke: 0.6410158276557922,chips: 0.6136305332183838,muffin: 0.6431069374084473
44,artichoke: 0.6432998180389404,mustard: 0.6826179623603821,salsa: 0.5918616056442261,coke: 0.6084116697311401,brew: 0.6558962464332581,cider: 0.6447805166244507,lime_juice: 0.6600796580314636,grape_juice: 0.5959307551383972,artichoke: 0.5933100581169128,aperitif: 0.664732813835144,coke: 0.6061586737632751,avocado: 0.6295087933540344,avocado: 0.713097333908081,cocoa: 0.6252015233039856,coke: 0.5387990474700928,grape_juice: 0.5962893962860107,potato_chips: 0.6091648936271667,grape_juice: 0.6097740530967712,coke: 0.6020885705947876,muffin: 0.5666176676750183,muffin: 0.6844431161880493,loaf: 0.6457518935203552,jelly: 0.5973502993583679,cocoa: 0.582163393497467,artichoke: 0.629671037197113,potato_chips: 0.5481545329093933,wine: 0.535320520401001,peanut_butter: -0.1610439270734787,mango: 0.6398294568061829,pasta: 0.6901946663856506,potato_chips: 0.5605441331863403,cider: 0.6531136631965637,muffin: 0.6347900032997131,muffin: 0.6106855273246765,potato_chips: 0.6405091285705566,potato_chips: 0.7124729156494141,beer: 0.6121456027030945,aperitif: 0.6387291550636292,ketchup: 0.5569690465927124,cocoa: 0.6892166137695312,grape_juice: 0.5728973150253296,avocado: 0.6393645405769348,cola: 0.5481545329093933,cocoa: 0.6012454032897949,coke: 0.6628203988075256,bread: 0.5844915509223938,loaf: -0.47439101338386536,potato_chips: 0.6351740956306458,aperitif: 0.6108263731002808,muesli: 0.6142597198486328
45,coke: 0.6309311985969543,grape_juice: 0.6365596055984497,ketchup: 0.5888702869415283,ketchup: 0.5844915509223938,mango: 0.6440147161483765,coke: 0.6381703615188599,squash: 0.6483584642410278,beer: 0.5727248191833496,cocoa: 0.5666176676750183,cucumber: 0.6604927778244019,cider: 0.5853745937347412,mango: 0.6211466193199158,potato_chips: 0.7007125020027161,squash: 0.621719479560852,mustard: 0.5336123704910278,cider: 0.5894331932067871,cider: 0.5847537517547607,ketchup: 0.5946813225746155,grape_juice: 0.5899777412414551,cucumber: 0.5419196486473083,jelly: 0.6842371225357056,potato_chips: 0.615035891532898,cider: 0.593849778175354,squash: 0.5728973150253296,loaf: 0.627352237701416,grape_juice: 0.5409762859344482,mango: 0.5070031881332397,mango: -0.16625595092773438,cocoa: 0.6313050985336304,cocoa: 0.650637149810791,cider: 0.5269452929496765,potato_chips: 0.6442551016807556,grape_juice: 0.6288682818412781,squash: 0.5726849436759949,cocoa: 0.5887390375137329,grape_juice: 0.6944209337234497,potato_chips: 0.5993112325668335,cocoa: 0.6208608150482178,coke: 0.5513822436332703,potato_chips: 0.6833454370498657,mango: 0.5726849436759949,salsa: 0.6136305332183838,salsa: 0.546556830406189,potato_chips: 0.5977314710617065,cider: 0.6603142023086548,potato_chips: 0.5801023244857788,cucumber: -0.4808848798274994,brew: 0.6168726086616516,loaf: 0.5918616056442261,potato_chips: 0.6014532446861267
46,grape_juice: 0.625700831413269,coke: 0.5793846249580383,coke: 0.5667388439178467,lime_juice: 0.5693966150283813,potato_chips: 0.6146608591079712,grape_juice: 0.613518238067627,coke: 0.5552189350128174,coke: 0.5461651086807251,brew: 0.559644877910614,muesli: 0.6592756509780884,grape_juice: 0.5842747092247009,potato_chips: 0.6145476698875427,cola: 0.6968123912811279,coke: 0.535320520401001,avocado: 0.5269452929496765,muffin: 0.559644877910614,crackers: 0.5727248191833496,coke: 0.5851103067398071,cider: 0.575572669506073,avocado: 0.42000719904899597,crackers: 0.6761256456375122,cider: 0.5919831395149231,bread: 0.5693966150283813,cola: 0.5409762859344482,cider: 0.608596920967102,coke: 0.5064873695373535,cola: 0.5064873695373535,onion: -0.17469483613967896,potato_chips: 0.5756179690361023,cider: 0.5848889946937561,cocoa: 0.42000719904899597,coke: 0.6348444223403931,potato_chips: 0.6004756093025208,coke: 0.5070031881332397,coke: 0.5805710554122925,muffin: 0.6713659763336182,muffin: 0.5933100581169128,coke: 0.5600548982620239,cocoa: 0.5419196486473083,brew: 0.6786298751831055,potato_chips: 0.5286009907722473,cider: 0.5929248929023743,squash: 0.5286009907722473,lime_juice: 0.5973502993583679,grape_juice: 0.6478198766708374,cucumber: 0.5569690465927124,potato_chips: -0.49400490522384644,cider: 0.5336123704910278,potato_chips: 0.546556830406189,coke: 0.5838626027107239
47,gingerale: -0.0029893952887505293,gingerale: -0.061887308955192566,gingerale: -0.00570585485547781,gingerale: 0.047594405710697174,gingerale: -0.11107109487056732,gingerale: -0.08468557149171829,gingerale: 0.030245648697018623,gingerale: 0.0416446216404438,gingerale: 0.08643191307783127,gingerale: -0.025078311562538147,gingerale: -0.08353839069604874,gingerale: -0.018373606726527214,gingerale: -0.049037858843803406,gingerale: -0.06373130530118942,gingerale: 0.19328607618808746,gingerale: -0.1324918419122696,gingerale: -0.007705115247517824,gingerale: -0.13436423242092133,gingerale: -0.10263892263174057,gingerale: -0.09627276659011841,gingerale: -0.15744055807590485,gingerale: 0.10423992574214935,gingerale: -0.08516272157430649,gingerale: 0.10626821964979172,gingerale: 0.08064381778240204,gingerale: -0.14167547225952148,gingerale: 0.035051923245191574,chilisauce: -0.21445158123970032,gingerale: 0.050717197358608246,gingerale: -0.003418554784730077,gingerale: -0.07258854806423187,gingerale: -0.038901545107364655,gingerale: -0.02786697819828987,gingerale: -0.16625595092773438,gingerale: 0.13379840552806854,gingerale: 0.019154133275151253,gingerale: -0.060930993407964706,gingerale: 0.04418434575200081,gingerale: -0.061119161546230316,gingerale: -0.17469483613967896,gingerale: -0.0364241749048233,gingerale: 0.09985985606908798,gingerale: -0.0017976080998778343,gingerale: 0.15305933356285095,gingerale: -0.1610439270734787,gingerale: -0.0673019215464592,muesli: -0.49891194701194763,gingerale: -0.04113353416323662,gingerale: -0.11425072699785233,chilisauce: -0.28388023376464844
48,chilisauce: -0.3352621793746948,chilisauce: -0.2931581139564514,chilisauce: -0.47439101338386536,chilisauce: -0.3227849006652832,chilisauce: -0.33415934443473816,chilisauce: -0.44014161825180054,chilisauce: -0.32429030537605286,chilisauce: -0.3515625,chilisauce: -0.4742298126220703,chilisauce: -0.2162495255470276,chilisauce: -0.49891194701194763,chilisauce: -0.37315016984939575,chilisauce: -0.3172968029975891,chilisauce: -0.4074021875858307,chilisauce: -0.21537339687347412,chilisauce: -0.2068500518798828,chilisauce: -0.3351995646953583,chilisauce: -0.4426625967025757,chilisauce: -0.4194476008415222,chilisauce: -0.3459881842136383,chilisauce: -0.40929728746414185,chilisauce: -0.38176417350769043,chilisauce: -0.40816745162010193,chilisauce: -0.37894508242607117,chilisauce: -0.42747431993484497,chilisauce: -0.29551374912261963,chilisauce: -0.41005051136016846,soy_sauce: -0.3005251884460449,chilisauce: -0.335647314786911,chilisauce: -0.37481915950775146,chilisauce: -0.34719061851501465,chilisauce: -0.3626576364040375,chilisauce: -0.31734195351600647,chilisauce: -0.2569524347782135,chilisauce: -0.31059709191322327,chilisauce: -0.2873970866203308,chilisauce: -0.21607403457164764,chilisauce: -0.1455167829990387,chilisauce: -0.4808848798274994,chilisauce: -0.2217826545238495,chilisauce: -0.1856091171503067,chilisauce: -0.43975529074668884,chilisauce: -0.49400490522384644,chilisauce: -0.2748897075653076,chilisauce: -0.31339970231056213,chilisauce: -0.20624199509620667,mustard: -0.5388360023498535,chilisauce: -0.5388360023498535,chilisauce: -0.18420422077178955,gingerale: -0.3005251884460449
